Word	Label
the	1
i	2
to	3
enron	4
you	5
and	6
for	7
is	8
amp	9
s	10
et	11
a	12
on	13
of	14
have	15
your	16
this	17
with	18
in	19
	20
be	21
that	22
thanks	23
it	24
are	25
will	26
me	27
am	28
we	29
if	30
know	31
not	32
my	33
up	34
lynn	35
or	36
can	37
do	38
please	39
out	40
just	41
at	42
would	43
get	44
but	45
all	46
by	47
was	48
enronxgate	49
blair	50
time	51
20001	52
about	53
an	54
need	55
they	56
so	57
what	58
going	59
more	60
love	61
any	62
today	63
day	64
these	65
from	66
as	67
there	68
how	69
sure	70
when	71
call	72
week	73
should	74
had	75
dont	76
ava	77
no	78
again	79
extension	80
one	81
good	82
thank	83
like	84
he	85
subject	86
reps	87
let	88
make	89
go	90
now	91
also	92
has	93
some	94
well	95
tax	96
gas	97
terry	98
june	99
000	100
2000	101
our	102
questions	103
sorry	104
new	105
invoices	106
irs	107
e	108
mail	109
john	110
check	111
com	112
been	113
work	114
lt	115
she	116
deadline	117
did	118
still	119
x	120
them	121
tuesday	122
i'm	123
very	124
sandra	125
much	126
days	127
us	128
come	129
06	130
fyi	131
april	132
pay	133
really	134
back	135
than	136
note	137
enroncc	138
wanted	139
randy	140
message	141
don't	142
big	143
getting	144
hope	145
too	146
think	147
16	148
fgt	149
were	150
want	151
things	152
n	153
kowalke	154
see	155
last	156
nng	157
great	158
take	159
him	160
month	161
larry	162
raetta	163
file	164
ok	165
here	166
keep	167
send	168
thought	169
meeting	170
monday	171
since	172
then	173
night	174
who	175
hello	176
joe	177
gotta	178
susan	179
house	180
pmto	181
buchanan	182
kathy	183
sent	184
over	185
dinner	186
home	187
able	188
next	189
even	190
looking	191
reviewing	192
return	193
request	194
glad	195
ww	196
gorelieberman	197
market	198
1	199
best	200
doing	201
side	202
only	203
little	204
being	205
01	206
may	207
same	208
yes	209
told	210
concerns	211
2	212
amto	213
say	214
year	215
never	216
can't	217
her	218
owe	219
jean	220
mary	221
tonight	222
floor	223
filing	224
could	225
help	226
right	227
stacy	228
it's	229
luck	230
30	231
way	232
wish	233
attend	234
m	235
team	236
lynnfrom	237
12	238
change	239
which	240
mike	241
comments	242
deal	243
kenny	244
after	245
taxes	246
20	247
cant	248
imbalances	249
does	250
mean	251
where	252
sell	253
oba	254
bill	255
tangie	256
cycle	257
25	258
other	259
offer	260
email	261
interest	262
guy	263
fine	264
touch	265
first	266
business	267
appreciate	268
alot	269
nice	270
weekend	271
maybe	272
each	273
enjoy	274
give	275
close	276
reading	277
long	278
those	279
everyone	280
both	281
original	282
working	283
15	284
plans	285
linda	286
0	287
later	288
trip	289
form	290
morning	291
yours	292
storage	293
bodnar	294
phone	295
use	296
rick	297
loop	298
before	299
actually	300
down	301
guys	302
together	303
care	304
report	305
janzen	306
10	307
scott	308
forward	309
got	310
222	311
berger	312
smiling	313
idea	314
per	315
payment	316
found	317
office	318
went	319
steve	320
brokers	321
line	322
thoughts	323
regards	324
thing	325
wonderful	326
pam	327
joke	328
explain	329
however	330
through	331
customer	332
always	333
trying	334
stay	335
small	336
short	337
something	338
i'll	339
schedule	340
lynda	341
away	342
02	343
re	344
talk	345
their	346
thursday	347
changes	348
few	349
approximately	350
possible	351
chris	352
attached	353
cynthia	354
fw	355
ever	356
8	357
cal	358
off	359
yesterday	360
fix	361
end	362
happy	363
card	364
made	365
talked	366
non	367
making	368
party	369
garcia	370
cc	371
must	372
guess	373
question	374
etc	375
hey	376
without	377
information	378
everything	379
yet	380
pm	381
system	382
put	383
evening	384
training	385
14	386
contracts	387
another	388
james	389
flash	390
penalties	391
installment	392
enro	393
family	394
communicate	395
via	396
kinda	397
around	398
wes	399
ideas	400
problem	401
payments	402
version	403
second	404
already	405
situation	406
anyone	407
believe	408
plan	409
greg	410
foo	411
sounds	412
meet	413
5	414
hi	415
trading	416
brokering	417
understand	418
trades	419
taking	420
share	421
find	422
outlook	423
available	424
course	425
into	426
testing	427
ramona	428
upgrade	429
spoke	430
said	431
gerry	432
months	433
1000	434
reports	435
washington	436
soon	437
received	438
agreement	439
credit	440
ricki	441
flood	442
while	443
rivers	444
because	445
tropical	446
storm	447
checks	448
50	449
4	450
6	451
111	452
missed	453
you're	454
jeff	455
update	456
several	457
left	458
shelley	459
dietz	460
speed	461
visit	462
jan	463
times	464
job	465
content	466
lblair	467
privileged	468
miss	469
move	470
myself	471
town	472
funny	473
shippers	474
gomez	475
wgr	476
returns	477
catch	478
details	479
try	480
number	481
adams	482
robert	483
dykes	484
sherry	485
forbish	486
greaney	487
janet	488
mcdaniel	489
debra	490
scurlock	491
sturr	492
harry	493
woodson	494
gary	495
timely	496
callans	497
nancy	498
letter	499
msr's	500
due	501
hit	502
using	503
reason	504
ms	505
rates	506
processing	507
penalty	508
district	509
extra	510
you'll	511
contributions	512
instructions	513
000p	514
suck	515
worry	516
b	517
until	518
remember	519
9	520
opinion	521
organization	522
prefer	523
entire	524
people	525
warmest	526
thinking	527
shit	528
ish	529
ben	530
invite	531
ragan	532
tired	533
age	534
enjoying	535
missing	536
unable	537
chance	538
eol	539
events	540
energy	541
'bout	542
hop	543
sending	544
book	545
outside	546
galen	547
21	548
tms	549
assist	550
assistance	551
large	552
needs	553
july	554
54	555
test	556
process	557
7	558
ask	559
laferla	560
follow	561
weather	562
nothing	563
aware	564
amendment	565
firm	566
damage	567
different	568
13	569
notice	570
asked	571
ward	572
many	573
allison	574
receive	575
account	576
taken	577
sign	578
knock	579
woman	580
interview	581
19	582
rest	583
checking	584
hopefully	585
baby	586
sbs	587
further	588
ya'll	589
ready	590
turkey	591
60	592
degrees	593
ray	594
might	595
timing	596
p	597
boys	598
transfer	599
busy	600
heard	601
jon	602
didnt	603
tell	604
calls	605
26	606
western	607
mitchell	608
smile	609
honest	610
place	611
interesting	612
beer	613
okay	614
713	615
853	616
concerning	617
person	618
doesn't	619
settlement	620
basket	621
benningfield	622
linhart	623
plant	624
story	625
advantage	626
money	627
brian	628
kuehl	629
tw	630
attending	631
position	632
agree	633
teams	634
18	635
updates	636
ya	637
amy	638
albert	639
hernandez	640
mulligan	641
tracy	642
minter	643
beverly	644
miller	645
christine	646
mcevoy	647
marketing	648
exceptions	649
commodity	650
risk	651
late	652
bryan	653
carr	654
perry	655
diana	656
porter	657
shirley	658
jerry	659
wilkens	660
zadow	661
doc	662
his	663
w	664
friday	665
having	666
accounts	667
customers	668
preliminary	669
passing	670
unusual	671
high	672
low	673
dollar	674
amounts	675
answering	676
tas	677
error	678
unbilled	679
errors	680
correcting	681
totals	682
mom	683
why	684
solutions	685
individuals	686
income	687
afford	688
loophole	689
critical	690
avoid	691
estimated	692
option	693
compromise	694
retirement	695
35842	696
session	697
nron	698
walk	699
finally	700
mom's	701
playing	702
hiring	703
chef	704
trasting	705
special'	706
pressure	707
yo	708
j	709
k	710
correct	711
company	712
additional	713
funds	714
fed	715
ex	716
exception	717
set	718
columbia	719
used	720
look	721
response	722
talking	723
retreat	724
handle	725
such	726
matt	727
natsourse	728
moms	729
enough	730
bath	731
neither	732
park	733
fun	734
tonite	735
tami	736
invitation	737
completed	738
didn't	739
spreadsheet	740
completly	741
transactions	742
anytime	743
montey	744
vvrroomm	745
trouble	746
kelly	747
closing	748
jobs	749
own	750
often	751
heads	752
cannot	753
loose	754
betancourt	755
testinglynn	756
regarding	757
explained	758
require	759
medeles	760
past	761
screens	762
complete	763
thnks	764
issue	765
holidays	766
years	767
under	768
therefore	769
warm	770
reflecting	771
include	772
master	773
awhile	774
09	775
relief	776
employees	777
included	778
tomorrow	779
employee	780
order	781
worked	782
traded	783
75	784
sep	785
cin	786
makes	787
im	788
brawner	789
messages	790
sharon	791
pretty	792
start	793
windows	794
takes	795
quick	796
sincerely	797
safe	798
continue	799
picture	800
cable	801
minute	802
either	803
access	804
group	805
ie	806
injections	807
04	808
corman	809
sheila	810
nacey	811
michael	812
mondayand	813
migrated	814
tuesday's	815
beneficialin	816
minimizing	817
shipper	818
teamsto	819
iam	820
traditional	821
coming	822
thanksgiving	823
feb	824
gets	825
better	826
laugh	827
guessed	828
gone	829
natsource	830
decide	831
drink	832
meal	833
cease	834
amaze	835
29th	836
nov	837
christmas	838
holiday	839
meant	840
gym	841
mime	842
type	843
text	844
plain	845
charset	846
ascii	847
encoding	848
7bit	849
bcc	850
folder	851
'sent	852
origin	853
l	854
filename	855
pst	856
man	857
called	858
tom	859
seems	860
babies	861
asking	862
chat	863
friends	864
bens	865
cute	866
planning	867
write	868
lead	869
let's	870
resources	871
co2	872
assets	873
least	874
dth	875
five	876
dan	877
answers	878
unique	879
confusing	880
old	881
consider	882
face	883
welcome	884
congradulate	885
endeavors	886
numbers	887
prebon	888
broker	889
anymore	890
though	891
lunch	892
life	893
needed	894
professional	895
case	896
difficult	897
hear	898
bal	899
southern	900
pipe	901
nomination	902
darrell	903
accounting	904
issues	905
related	906
gathering	907
between	908
forget	909
usualy	910
scheduled	911
apb	912
outings	913
progress	914
drapes	915
chairs	916
decorations	917
wait	918
show	919
26th	920
friend	921
40	922
ftenergy	923
35	924
operational	925
name	926
capacity	927
input	928
cycles	929
thrown	930
05	931
wednesday's	932
allisonlynn	933
following	934
postponed	935
calling	936
toby	937
address	938
post	939
couple	940
stock	941
62	942
wondering	943
skiliing	944
clayton	945
soccer	946
elizabeth	947
categories	948
two	949
items	950
checked	951
corresponding	952
msr	953
volume	954
msr'sadjust	955
reservation	956
hundred	957
collect	958
commission	959
we're	960
every	961
katherine	962
walden	963
jokester	964
fit	965
clients	966
laughsi	967
corp	968
info	969
anything	970
express	971
daily	972
assigning	973
maximum	974
3	975
surgery	976
hunting	977
281	978
cell	979
quenet	980
vacation	981
he's	982
ellen	983
signed	984
appointing	985
enline	986
agent	987
utility	988
learn	989
assessed	990
owed	991
quarterly	992
expanded	993
computer	994
fill	995
4868	996
individual	997
requesting	998
aug	999
charges	1000
runs	1001
percent	1002
cash	1003
installments	1004
its	1005
less	1006
offers	1007
full	1008
step	1009
self	1010
employed	1011
dear	1012
lynnava	1013
garcia06	1014
c	1015
jodie	1016
floyd	1017
enr	1018
aldinger	1019
karen	1020
clapper	1021
marion	1022
coon	1023
tim	1024
laura	1025
giambrone	1026
jack	1027
howard	1028
phillips	1029
locknar	1030
09lynn	1031
magdelena	1032
surprised	1033
hospital	1034
goodluck	1035
ups	1036
thisinfo	1037
backstreet	1038
boy's	1039
disapointed	1040
mention	1041
music	1042
tastes	1043
riding	1044
hogs	1045
blood	1046
probably	1047
numerous	1048
conversations	1049
release	1050
o	1051
morgage	1052
took	1053
leave	1054
envelope	1055
delivered	1056
product	1057
mainlinethanks	1058
understnd	1059
gal	1060
women	1061
rob	1062
shared	1063
room	1064
third	1065
sleep	1066
slight	1067
buzz	1068
chose	1069
themselves	1070
stressful	1071
dealings	1072
darryl	1073
bottom	1074
future	1075
bd	1076
real	1077
funk	1078
lately	1079
special	1080
transco	1081
zone	1082
couldbut	1083
latley	1084
supposed	1085
tommy	1086
brennan	1087
that's	1088
againn	1089
excell	1090
install	1091
memory	1092
online	1093
control	1094
gotten	1095
approval	1096
exert	1097
temporary'	1098
plate	1099
harley	1100
nimble	1101
alert	1102
everyone's	1103
ya'	1104
boilermakers	1105
alumni	1106
the're	1107
blasted	1108
ou	1109
mullets	1110
play	1111
migration	1112
part	1113
physical	1114
running	1115
hire	1116
concerned	1117
becauseof	1118
shortage	1119
lyndaif	1120
thetesting	1121
johnjust	1122
upcoming	1123
agreed	1124
schedules	1125
permited	1126
point	1127
project	1128
production	1129
15th	1130
lynncc	1131
matheson	1132
maggie	1133
terrysubject	1134
code	1135
mved	1136
model	1137
fairly	1138
functions	1139
icons	1140
includes	1141
processes	1142
pipes	1143
sue	1144
areall	1145
page	1146
samantha	1147
amazing	1148
bed	1149
anyway	1150
togther	1151
aq	1152
likewise	1153
done	1154
followed	1155
gulf	1156
coast	1157
basis	1158
dailys	1159
enovate	1160
allegheny	1161
covering	1162
provisions	1163
review	1164
neitherone	1165
cynthia's	1166
mother	1167
sister	1168
flooding	1169
withoutelectricity	1170
hearing	1171
pleaselet	1172
winters	1173
victimslynn	1174
below	1175
tk	1176
pass	1177
kalmans	1178
elyse	1179
pmsubject	1180
victimswe	1181
severely	1182
impacted	1183
devastating	1184
cares	1185
immediate	1186
met	1187
providing	1188
contractors	1189
houses	1190
damaged	1191
travelers	1192
eb1625	1193
noon	1194
patient	1195
temporarily	1196
run	1197
depending	1198
demand	1199
paycheck	1200
30th	1201
grossed	1202
certification	1203
helps	1204
misha	1205
siegel	1206
x37682	1207
boy	1208
we'll	1209
el	1210
paso	1211
aquila	1212
knows	1213
knowthe	1214
outcome	1215
relation	1216
outinvoices	1217
godd	1218
craziest	1219
saw	1220
f	1221
g	1222
h	1223
92	1224
summer	1225
138	1226
45	1227
q4	1228
43	1229
peak	1230
80	1231
winter	1232
69	1233
74	1234
sense	1235
beers	1236
richard	1237
status	1238
means	1239
creative	1240
untiltuesday	1241
remove	1242
drain	1243
tubes	1244
prayers	1245
brown	1246
27	1247
feeling	1248
stuck	1249
kids	1250
rolling	1251
along	1252
adapt	1253
slb	1254
precious	1255
appreciated	1256
support	1257
healthy	1258
hard	1259
live	1260
vicariously	1261
neighbors	1262
builder	1263
enter	1264
street	1265
data	1266
base	1267
co	1268
nuts	1269
banking	1270
blazer	1271
purse	1272
apprecaite	1273
allocation	1274
questionshave	1275
crew	1276
documenting	1277
thequestions	1278
messageto	1279
research	1280
withstorage	1281
determine	1282
sunday	1283
tobe	1284
allocated	1285
portion	1286
areallocating	1287
withdrawals	1288
allocatingwithdrawals	1289
willpursue	1290
enhancement	1291
lynnlynn	1292
blair06	1293
17	1294
56	1295
brad	1296
holmes	1297
allocationsfyi	1298
i've	1299
fried	1300
wife	1301
feast	1302
apt	1303
packed	1304
worse	1305
65	1306
average	1307
calmed	1308
feel	1309
there's	1310
job's	1311
loud	1312
massage	1313
prayer	1314
sat	1315
dec	1316
9th	1317
suggestion	1318
guy's	1319
napoleon	1320
oops	1321
foose	1322
term	1323
pjm	1324
deleted	1325
how's	1326
vegas	1327
montessori	1328
stuff	1329
drop	1330
downtown	1331
havn't	1332
bored	1333
'it'susan	1334
looks	1335
followhe	1336
wont	1337
hilton	1338
austin	1339
experiences	1340
denver	1341
outfit	1342
wearing	1343
purchased	1344
soo	1345
jealous	1346
justify	1347
expense	1348
consideration	1349
modestly	1350
priced	1351
excited	1352
nyc	1353
outstatus	1354
consistency	1355
reportand	1356
automation	1357
discuss	1358
prompt	1359
reply	1360
28	1361
behind	1362
pending	1363
none	1364
communicated	1365
planned	1366
affected	1367
totalled	1368
points	1369
107	1370
36	1371
fuel	1372
usage	1373
unit	1374
wgr's	1375
benedum	1376
midkiff	1377
ball	1378
near	1379
zero	1380
embedded	1381
stdolelink	1382
gals	1383
regrets	1384
mans	1385
lol	1386
terds	1387
physicalthen	1388
perfect	1389
holding	1390
water	1391
kim	1392
modify	1393
pg	1394
52229	1395
complements	1396
proud	1397
we've	1398
null	1399
cathy	1400
seem	1401
markets	1402
sad	1403
difference	1404
hectic	1405
drinks	1406
20th	1407
25th	1408
easy	1409
cuz	1410
happen	1411
mentioned	1412
wrote	1413
impression	1414
replied	1415
stressed	1416
settled	1417
apologize	1418
inability	1419
manner	1420
moved	1421
emotional	1422
haven't	1423
accept	1424
apology	1425
stop	1426
given	1427
career	1428
value	1429
laughed	1430
shankman	1431
lastly	1432
walton	1433
candy	1434
apple	1435
ferrari	1436
sucking	1437
sound	1438
mo	1439
34	1440
henry	1441
hub	1442
nominating	1443
nng's	1444
theyhave	1445
location	1446
poi	1447
purposes	1448
effect	1449
oba's	1450
schoolcraft	1451
spraggins	1452
steven	1453
january	1454
resourcesjust	1455
clearing	1456
ends	1457
involving	1458
effective	1459
1st	1460
material	1461
rags	1462
skillings	1463
trim	1464
wants	1465
regular	1466
client	1467
louis	1468
deals	1469
transferred	1470
eric	1471
bass	1472
unwinds	1473
occasionally	1474
sounding	1475
abrupt	1476
intention	1477
shop	1478
involved	1479
nor	1480
elpaso	1481
outage	1482
cocktails	1483
natsouce	1484
trust	1485
billing	1486
says	1487
mph	1488
equal	1489
swear	1490
shakin'	1491
withtoby	1492
answered	1493
haveall	1494
respond	1495
havea	1496
robinhold	1497
brobinhold	1498
08	1499
'lynn	1500
com'	1501
capacityi	1502
site	1503
guessing	1504
tolob	1505
towards	1506
sitehttp	1507
www	1508
twdb	1509
etfr	1510
avcap	1511
htmland	1512
resultsback	1513
ambiguous	1514
flowing	1515
allfor	1516
intraday	1517
thereas	1518
thedifferent	1519
posted	1520
guide	1521
atresults	1522
intraday1	1523
robinholdft	1524
energybrobinhold	1525
com720	1526
548	1527
57222	1528
draemer	1529
53	1530
dra	1531
activities	1532
democrat	1533
thoses	1534
shake	1535
head	1536
hoping	1537
husband	1538
schnitzers	1539
invited	1540
kushnicks	1541
introduce	1542
introduction	1543
treating	1544
anythint	1545
totally	1546
rec	1547
earlier	1548
understanding	1549
curious	1550
sitter	1551
daysandra	1552
weeksteam	1553
leader	1554
inconvenience	1555
beaware	1556
procedure	1557
extensioni	1558
longer	1559
weekends	1560
becaue	1561
expect	1562
notified	1563
32	1564
tobysubject	1565
extensionnorthern	1566
natural	1567
extended	1568
edi	1569
contact	1570
services	1571
representative	1572
pictures	1573
copy	1574
relationto	1575
posting	1576
web	1577
everyoneon	1578
read	1579
losing	1580
tad	1581
straight	1582
quotes	1583
mulligan04	1584
52	1585
transwestern	1586
invoicingi	1587
february	1588
invoicing	1589
redistributed	1590
void	1591
voided	1592
delete	1593
customervolume	1594
adjust	1595
exceptional	1596
rate	1597
marketingregenerate	1598
invoice	1599
exhausted	1600
cig	1601
tried	1602
fell	1603
asleep	1604
doean't	1605
hurt	1606
feelings	1607
definetly	1608
largest	1609
user	1610
possibly	1611
instance	1612
showed	1613
bid	1614
offered	1615
evens	1616
sold	1617
wacked	1618
75's	1619
50's	1620
listened	1621
tape	1622
wrong	1623
stand	1624
upto	1625
assume	1626
bad	1627
flake	1628
vent	1629
carries	1630
execution	1631
wow	1632
powerful	1633
sharing	1634
youhave	1635
nexr	1636
bush	1637
plenty	1638
streets	1639
apart	1640
battles	1641
else	1642
bought	1643
blocks	1644
burr	1645
cold	1646
avg	1647
temp	1648
married	1649
play'	1650
qq	1651
permanent	1652
dna	1653
undone	1654
most	1655
yourself	1656
19ththe	1657
open	1658
19th	1659
5pm	1660
timeframe	1661
upgrades	1662
nights	1663
unavailability	1664
during	1665
pop	1666
yvette's	1667
boyfriend	1668
andm	1669
voice	1670
rob's	1671
true	1672
ole	1673
cop	1674
humor	1675
enjoyed	1676
afternoon	1677
early	1678
fixing	1679
coffee	1680
slim	1681
fast	1682
hair	1683
appointment	1684
kissessandra	1685
bushton	1686
measurementarbitration	1687
4723	1688
neal	1689
oh	1690
laughing	1691
http	1692
gasfundy	1693
framework	1694
default	1695
asp	1696
wee	1697
wesent	1698
regulatory	1699
darveaux	1700
finalize	1701
strangers	1702
closely	1703
alsoworking	1704
fancler	1705
debbie	1706
mosley	1707
finanace	1708
haveany	1709
youabout	1710
negative	1711
whatit	1712
game	1713
aboutand	1714
lunchgive	1715
steps	1716
ricksubject	1717
against	1718
seperated	1719
create	1720
confusion	1721
disruption	1722
31	1723
raettasubject	1724
47	1725
lynnsubject	1726
located	1727
approving	1728
journal	1729
vouchers	1730
wire	1731
requests	1732
allocations	1733
receivables	1734
sitting	1735
conference	1736
marketers	1737
receivable	1738
various	1739
questionsduring	1740
distribution	1741
south	1742
region	1743
craig	1744
buehler's	1745
itduring	1746
ppa	1747
transportation	1748
gva	1749
themduring	1750
current	1751
meetingthe	1752
total	1753
listed	1754
weeks	1755
including	1756
gather	1757
analyze	1758
important	1759
remain	1760
delay	1761
21st	1762
birds	1763
children	1764
organized	1765
brawner's159111	1766
marwick	1767
cthouston	1768
tx	1769
777095home	1770
8555	1771
8797sandra	1772
594	1773
7369kenny	1774
381	1775
72888	1776
receiving	1777
hijust	1778
emails	1779
calendar	1780
traders	1781
ranch	1782
wednesday	1783
yea	1784
silly	1785
wtih	1786
exageration	1787
hurts	1788
fourteen	1789
jefferson	1790
cocke	1791
county	1792
45pm	1793
ins	1794
outs	1795
mid	1796
klott	1797
tribune	1798
media	1799
millions	1800
panic	1801
easily	1802
buy	1803
reckoning	1804
fear	1805
collection	1806
agents	1807
law	1808
enable	1809
nevertheless	1810
generally	1811
ira	1812
you'd	1813
simple	1814
fact	1815
options	1816
obtaining	1817
application	1818
automatic	1819
u	1820
preparation	1821
software	1822
888	1823
796	1824
1074	1825
american	1826
discover	1827
mastercard	1828
internet	1829
companies	1830
authorized	1831
automatically	1832
four	1833
explanation	1834
gives	1835
estimate	1836
steep	1837
negotiate	1838
balance	1839
monthly	1840
9465	1841
period	1842
recently	1843
program	1844
taxpayers	1845
tough	1846
financial	1847
situations	1848
settle	1849
submitted	1850
656	1851
reprieve	1852
calculate	1853
eligible	1854
stopping	1855
computing	1856
certain	1857
compute	1858
within	1859
won't	1860
taxable	1861
itemize	1862
deductions	1863
list	1864
eligibility	1865
requirements	1866
contained	1867
publication	1868
967	1869
figure	1870
contribute	1871
final	1872
obtain	1873
flexible	1874
keogh	1875
simplified	1876
pension	1877
date	1878
workers	1879
duck	1880
yaon	1881
eyes	1882
blue	1883
beautiful	1884
congrats	1885
reacquainted	1886
ahead	1887
cover	1888
mortem	1889
conflicting	1890
mtg	1891
reschedule	1892
spend	1893
train	1894
conversion	1895
49	1896
09katherine	1897
hibbard	1898
joh	1899
walde	1900
enronxga	1901
te	1902
ard	1903
linha	1904
rt	1905
illiam	1906
col	1907
lins	1908
cooper	1909
enronxg	1910
ate	1911
cramer	1912
09outlook	1913
10th	1914
interested	1915
ext	1916
31816	1917
cruz	1918
pamphlets	1919
addresses	1920
listthis	1921
dennis	1922
ple	1923
verify	1924
charlie	1925
kileand	1926
ronnie	1927
waiting	1928
conservative	1929
three	1930
mas	1931
intranet	1932
procedures	1933
03	1934
09larry	1935
william	1936
collins	1937
coope	1938
r	1939
ramer	1940
maryann	1941
en	1942
ron	1943
nningfield	1944
t	1945
buch	1946
anan	1947
09revised	1948
popup	1949
courthouse	1950
stadium	1951
broke	1952
sweat	1953
you'	1954
verifying	1955
confirmation	1956
confirm	1957
royde	1958
35295	1959
merry	1960
success	1961
lost	1962
words	1963
elk	1964
river	1965
public	1966
michelle	1967
conversation	1968
draft	1969
purchase	1970
sale	1971
idacorp	1972
inc	1973
north	1974
america	1975
confirming	1976
ena	1977
5705	1978
dickson	1979
confused	1980
hoped	1981
helped	1982
thnkssandra	1983
checkbook	1984
donation	1985
ladies	1986
answer	1987
18th	1988
towork	1989
theflooding	1990
medical	1991
center	1992
stayed	1993
sureready	1994
felt	1995
nurses	1996
diagnostic	1997
helping	1998
themedthodist	1999
herman	2000
hospitals	2001
belongings	2002
havemore	2003
peoplestarting	2004
redo	2005
walls	2006
klimesh's	2007
lunchwith	2008
spending	2009
withhis	2010
speaking	2011
parents	2012
definitely	2013
space	2014
garage	2015
stephanie	2016
id	2017
password	2018
paul	2019
replace	2020
references	2021
texas	2022
arbitration	2023
provision	2024
ll	2025
goes	2026
29	2027
reviewjust	2028
labels	2029
stands	2030
mails	2031
aep	2032
quite	2033
kayvon	2034
correctly	2035
seriously	2036
balitmore	2037
possiblilty	2038
agl	2039
houston	2040
joey	2041
